1;9044;10/05/2018;
1;9325;09/05/2018;
1;9235;08/05/2018;
1;9373;07/05/2018;
1;9655;06/05/2018;
1;9858;05/05/2018;
1;9701;04/05/2018;
1;9744;03/05/2018;
1;9236;02/05/2018;
1;9119;01/05/2018;
1;9241;30/04/2018;
1;9419;29/04/2018;
1;9348;28/04/2018;
1;8987;27/04/2018;
1;9282;26/04/2018;
1;8846;25/04/2018;
1;9698;24/04/2018;
1;8931;23/04/2018;
1;8802;22/04/2018;
1;8896;21/04/2018;
1;8846;20/04/2018;
1;8294;19/04/2018;
1;8163;18/04/2018;
1;7902;17/04/2018;
1;8059;16/04/2018;
1;8329;15/04/2018;
1;7986;14/04/2018;
1;7896;13/04/2018;
1;7889;12/04/2018;
1;6968;11/04/2018;
1;6835;10/04/2018;
1;6771;09/04/2018;
1;7024;08/04/2018;
1;6911;07/04/2018;
1;6636;06/04/2018;
1;6811;05/04/2018;
1;6854;04/04/2018;
1;7456;03/04/2018;
1;7084;02/04/2018;
1;6844;01/04/2018;
1;6974;31/03/2018;
1;6891;30/03/2018;
1;7166;29/03/2018;
1;7954;28/03/2018;
1;7833;27/03/2018;
1;8209;26/03/2018;
1;8496;25/03/2018;
1;8668;24/03/2018;
1;8880;23/03/2018;
1;8728;22/03/2018;
1;8929;21/03/2018;
1;8913;20/03/2018;
1;8631;19/03/2018;
1;8224;18/03/2018;
1;7917;17/03/2018;
1;8338;16/03/2018;
1;8301;15/03/2018;
1;8270;14/03/2018;
1;9195;13/03/2018;
1;9205;12/03/2018;
1;9579;11/03/2018;
1;8866;10/03/2018;
1;9338;09/03/2018;
1;9395;08/03/2018;
1;9966;07/03/2018;
1;10780;06/03/2018;
1;11573;05/03/2018;
1;11513;04/03/2018;
1;11490;03/03/2018;
1;11086;02/03/2018;
1;10951;01/03/2018;
1;10398;28/02/2018;
1;10726;27/02/2018;
1;10367;26/02/2018;
1;9665;25/02/2018;
1;9813;24/02/2018;
1;10301;23/02/2018;
1;10005;22/02/2018;
1;10690;21/02/2018;
1;11404;20/02/2018;
1;11225;19/02/2018;
1;10552;18/02/2018;
1;11113;17/02/2018;
1;10234;16/02/2018;
1;10166;15/02/2018;
1;9495;14/02/2018;
1;8598;13/02/2018;
1;8927;12/02/2018;
1;8130;11/02/2018;
1;8622;10/02/2018;
1;8737;09/02/2018;
1;8266;08/02/2018;
1;7621;07/02/2018;
1;7754;06/02/2018;
1;6955;05/02/2018;
1;8277;04/02/2018;
1;9175;03/02/2018;
1;8831;02/02/2018;
1;9171;01/02/2018;
1;10221;31/01/2018;
1;10106;30/01/2018;
1;11296;29/01/2018;
1;11786;28/01/2018;
1;11441;27/01/2018;
1;11171;26/01/2018;
1;11259;25/01/2018;
1;11359;24/01/2018;
1;10868;23/01/2018;
1;10931;22/01/2018;
1;11600;21/01/2018;
1;12899;20/01/2018;
1;11607;19/01/2018;
1;11475;18/01/2018;
1;11189;17/01/2018;
1;11491;16/01/2018;
1;13820;15/01/2018;
1;13772;14/01/2018;
1;14360;13/01/2018;
1;13981;12/01/2018;
1;13406;11/01/2018;
1;14973;10/01/2018;
1;14595;09/01/2018;
1;15170;08/01/2018;
1;16478;07/01/2018;
1;17527;06/01/2018;
1;17430;05/01/2018;
1;15599;04/01/2018;
1;15201;03/01/2018;
1;14982;02/01/2018;
1;13657;01/01/2018;
1;14156;31/12/2017;
1;12952;30/12/2017;
1;14656;29/12/2017;
1;14607;28/12/2017;
1;15839;27/12/2017;
1;16100;26/12/2017;
1;14027;25/12/2017;
1;13926;24/12/2017;
1;14699;23/12/2017;
1;13832;22/12/2017;
1;15803;21/12/2017;
1;16625;20/12/2017;
1;17777;19/12/2017;
1;19114;18/12/2017;
1;19141;17/12/2017;
1;19497;16/12/2017;
1;17707;15/12/2017;
1;16564;14/12/2017;
1;16408;13/12/2017;
1;17415;12/12/2017;
1;16937;11/12/2017;
1;15455;10/12/2017;
1;15178;09/12/2017;
1;16569;08/12/2017;
1;17900;07/12/2017;
1;14292;06/12/2017;
1;11917;05/12/2017;
1;11657;04/12/2017;
1;11323;03/12/2017;
1;11075;02/12/2017;
1;10976;01/12/2017;
1;10234;30/11/2017;
1;9889;29/11/2017;
1;10059;28/11/2017;
1;9818;27/11/2017;
1;9331;26/11/2017;
1;8791;25/11/2017;
1;8254;24/11/2017;
1;8039;23/11/2017;
1;8254;22/11/2017;
1;8071;21/11/2017;
1;8201;20/11/2017;
1;8036;19/11/2017;
1;7790;18/11/2017;
1;7709;17/11/2017;
1;7872;16/11/2017;
1;7316;15/11/2017;
1;6636;14/11/2017;
1;6559;13/11/2017;
1;5950;12/11/2017;
1;6358;11/11/2017;
1;6618;10/11/2017;
1;7144;09/11/2017;
1;7460;08/11/2017;
1;7144;07/11/2017;
1;7023;06/11/2017;
1;7407;05/11/2017;
1;7380;04/11/2017;
1;7208;03/11/2017;
1;7079;02/11/2017;
1;6767;01/11/2017;
1;6468;31/10/2017;
1;6131;30/10/2017;
1;6154;29/10/2017;
1;5753;28/10/2017;
1;5781;27/10/2017;
1;5905;26/10/2017;
1;5751;25/10/2017;
1;5527;24/10/2017;
1;5930;23/10/2017;
1;6008;22/10/2017;
1;6032;21/10/2017;
1;6011;20/10/2017;
1;5709;19/10/2017;
1;5591;18/10/2017;
1;5606;17/10/2017;
1;5726;16/10/2017;
1;5678;15/10/2017;
1;5832;14/10/2017;
1;5647;13/10/2017;
1;5447;12/10/2017;
1;4826;11/10/2017;
1;4782;10/10/2017;
1;4772;09/10/2017;
1;4610;08/10/2017;
1;4427;07/10/2017;
1;4371;06/10/2017;
1;4328;05/10/2017;
1;4229;04/10/2017;
1;4317;03/10/2017;
1;4409;02/10/2017;
1;4404;01/10/2017;
1;4339;30/09/2017;
1;4163;29/09/2017;
1;4175;28/09/2017;
1;4201;27/09/2017;
1;3892;26/09/2017;
1;3926;25/09/2017;
1;3683;24/09/2017;
1;3792;23/09/2017;
1;3631;22/09/2017;
1;3631;21/09/2017;
1;3906;20/09/2017;
1;3925;19/09/2017;
1;4065;18/09/2017;
1;3583;17/09/2017;
1;3625;16/09/2017;
1;3638;15/09/2017;
1;3155;14/09/2017;
1;3883;13/09/2017;
1;4131;12/09/2017;
1;4161;11/09/2017;
1;4123;10/09/2017;
1;4226;09/09/2017;
1;4229;08/09/2017;
1;4600;07/09/2017;
1;4597;06/09/2017;
1;4377;05/09/2017;
1;4236;04/09/2017;
1;4583;03/09/2017;
1;4579;02/09/2017;
1;4892;01/09/2017;
1;4703;31/08/2017;
1;4565;30/08/2017;
1;4579;29/08/2017;
1;4383;28/08/2017;
1;4383;27/08/2017;
1;4352;26/08/2017;
1;4372;25/08/2017;
1;4335;24/08/2017;
1;4152;23/08/2017;
1;4101;22/08/2017;
1;4002;21/08/2017;
1;4088;20/08/2017;
1;4194;19/08/2017;
1;4161;18/08/2017;
1;4332;17/08/2017;
1;4377;16/08/2017;
1;4182;15/08/2017;
1;4325;14/08/2017;
1;4073;13/08/2017;
1;3885;12/08/2017;
1;3651;11/08/2017;
1;3381;10/08/2017;
1;3342;09/08/2017;
1;3420;08/08/2017;
1;3379;07/08/2017;
1;3214;06/08/2017;
1;3253;05/08/2017;
1;2896;04/08/2017;
1;2805;03/08/2017;
1;2711;02/08/2017;
1;2718;01/08/2017;
1;2875;31/07/2017;
1;2757;30/07/2017;
1;2726;29/07/2017;
1;2809;28/07/2017;
1;2672;27/07/2017;
1;2529;26/07/2017;
1;2576;25/07/2017;
1;2755;24/07/2017;
1;2730;23/07/2017;
1;2810;22/07/2017;
1;2668;21/07/2017;
1;2818;20/07/2017;
1;2273;19/07/2017;
1;2319;18/07/2017;
1;2228;17/07/2017;
1;1930;16/07/2017;
1;1999;15/07/2017;
1;2233;14/07/2017;
1;2358;13/07/2017;
1;2399;12/07/2017;
1;2338;11/07/2017;
1;2373;10/07/2017;
1;2518;09/07/2017;
1;2571;08/07/2017;
1;2519;07/07/2017;
1;2609;06/07/2017;
1;2602;05/07/2017;
1;2602;04/07/2017;
1;2564;03/07/2017;
1;2506;02/07/2017;
1;2435;01/07/2017;
1;2481;30/06/2017;
1;2539;29/06/2017;
1;2575;28/06/2017;
1;2552;27/06/2017;
1;2478;26/06/2017;
1;2589;25/06/2017;
1;2609;24/06/2017;
1;2745;23/06/2017;
1;2705;22/06/2017;
1;2689;21/06/2017;
1;2722;20/06/2017;
1;2590;19/06/2017;
1;2548;18/06/2017;
1;2656;17/06/2017;
1;2519;16/06/2017;
1;2465;15/06/2017;
1;2506;14/06/2017;
1;2717;13/06/2017;
1;2660;12/06/2017;
1;2958;11/06/2017;
1;2948;10/06/2017;
1;2824;09/06/2017;
1;2806;08/06/2017;
1;2732;07/06/2017;
1;2863;06/06/2017;
1;2687;05/06/2017;
1;2512;04/06/2017;
1;2515;03/06/2017;
1;2489;02/06/2017;
1;2408;01/06/2017;
1;2286;31/05/2017;
1;2175;30/05/2017;
1;2256;29/05/2017;
1;2156;28/05/2017;
1;2039;27/05/2017;
1;2202;26/05/2017;
1;2305;25/05/2017;
1;2444;24/05/2017;
1;2320;23/05/2017;
1;2173;22/05/2017;
1;2041;21/05/2017;
1;2085;20/05/2017;
1;1988;19/05/2017;
1;1889;18/05/2017;
1;1839;17/05/2017;
1;1734;16/05/2017;
1;1738;15/05/2017;
1;1809;14/05/2017;
1;1805;13/05/2017;
1;1724;12/05/2017;
1;1849;11/05/2017;
1;1787;10/05/2017;
1;1755;09/05/2017;
1;1723;08/05/2017;
1;1597;07/05/2017;
1;1579;06/05/2017;
1;1555;05/05/2017;
1;1538;04/05/2017;
1;1490;03/05/2017;
1;1453;02/05/2017;
1;1422;01/05/2017;
1;1348;30/04/2017;
1;1322;29/04/2017;
1;1316;28/04/2017;
1;1318;27/04/2017;
1;1281;26/04/2017;
1;1265;25/04/2017;
1;1250;24/04/2017;
1;1207;23/04/2017;
1;1232;22/04/2017;
1;1222;21/04/2017;
1;1229;20/04/2017;
1;1210;19/04/2017;
1;1212;18/04/2017;
1;1194;17/04/2017;
1;1183;16/04/2017;
1;1173;15/04/2017;
1;1168;14/04/2017;
1;1169;13/04/2017;
1;1200;12/04/2017;
1;1205;11/04/2017;
1;1187;10/04/2017;
1;1188;09/04/2017;
1;1176;08/04/2017;
1;1177;07/04/2017;
1;1183;06/04/2017;
1;1125;05/04/2017;
1;1133;04/04/2017;
1;1144;03/04/2017;
1;1102;02/04/2017;
1;1081;01/04/2017;
1;1072;31/03/2017;
1;1026;30/03/2017;
1;1040;29/03/2017;
1;1047;28/03/2017;
1;1046;27/03/2017;
1;967;26/03/2017;
1;973;25/03/2017;
1;938;24/03/2017;
1;1039;23/03/2017;
1;1049;22/03/2017;
1;1121;21/03/2017;
1;1054;20/03/2017;
1;1037;19/03/2017;
1;974;18/03/2017;
1;1100;17/03/2017;
1;1188;16/03/2017;
1;1250;15/03/2017;
1;1240;14/03/2017;
1;1232;13/03/2017;
1;1221;12/03/2017;
1;1176;11/03/2017;
1;1117;10/03/2017;
1;1188;09/03/2017;
1;1150;08/03/2017;
1;1224;07/03/2017;
1;1273;06/03/2017;
1;1267;05/03/2017;
1;1255;04/03/2017;
1;1275;03/03/2017;
1;1251;02/03/2017;
1;1223;01/03/2017;
1;1180;28/02/2017;
1;1180;27/02/2017;
1;1165;26/02/2017;
1;1144;25/02/2017;
1;1174;24/02/2017;
1;1167;23/02/2017;
1;1117;22/02/2017;
1;1115;21/02/2017;
1;1080;20/02/2017;
1;1048;19/02/2017;
1;1054;18/02/2017;
1;1046;17/02/2017;
1;1027;16/02/2017;
1;1007;15/02/2017;
1;1005;14/02/2017;
1;991;13/02/2017;
1;999;12/02/2017;
1;1004;11/02/2017;
1;989;10/02/2017;
1;994;09/02/2017;
1;1063;08/02/2017;
1;1061;07/02/2017;
1;1038;06/02/2017;
1;1027;05/02/2017;
1;1043;04/02/2017;
1;1030;03/02/2017;
1;1012;02/02/2017;
1;989;01/02/2017;
1;970;31/01/2017;
1;920;30/01/2017;
1;920;29/01/2017;
1;922;28/01/2017;
1;920;27/01/2017;
1;918;26/01/2017;
1;902;25/01/2017;
1;893;24/01/2017;
1;921;23/01/2017;
1;925;22/01/2017;
1;922;21/01/2017;
1;895;20/01/2017;
1;899;19/01/2017;
1;887;18/01/2017;
1;908;17/01/2017;
1;832;16/01/2017;
1;822;15/01/2017;
1;818;14/01/2017;
1;824;13/01/2017;
1;805;12/01/2017;
1;778;11/01/2017;
1;908;10/01/2017;
1;903;09/01/2017;
1;911;08/01/2017;
1;909;07/01/2017;
1;902;06/01/2017;
1;1013;05/01/2017;
1;1155;04/01/2017;
1;1044;03/01/2017;
1;1022;02/01/2017;
1;998;01/01/2017;
1;964;31/12/2016;
1;961;30/12/2016;
1;974;29/12/2016;
1;976;28/12/2016;
1;933;27/12/2016;
1;908;26/12/2016;
1;896;25/12/2016;
1;899;24/12/2016;
1;922;23/12/2016;
1;865;22/12/2016;
1;834;21/12/2016;
1;801;20/12/2016;
1;793;19/12/2016;
1;791;18/12/2016;
1;791;17/12/2016;
1;785;16/12/2016;
1;778;15/12/2016;
1;781;14/12/2016;
1;781;13/12/2016;
1;780;12/12/2016;
1;770;11/12/2016;
1;775;10/12/2016;
1;773;09/12/2016;
1;771;08/12/2016;
1;768;07/12/2016;
1;764;06/12/2016;
1;759;05/12/2016;
1;774;04/12/2016;
1;771;03/12/2016;
1;778;02/12/2016;
1;757;01/12/2016;
1;746;30/11/2016;
1;736;29/11/2016;
1;736;28/11/2016;
1;732;27/11/2016;
1;735;26/11/2016;
1;742;25/11/2016;
1;740;24/11/2016;
1;745;23/11/2016;
1;751;22/11/2016;
1;739;21/11/2016;
1;731;20/11/2016;
1;752;19/11/2016;
1;752;18/11/2016;
1;741;17/11/2016;
1;744;16/11/2016;
1;712;15/11/2016;
1;705;14/11/2016;
1;702;13/11/2016;
1;705;12/11/2016;
1;716;11/11/2016;
1;716;10/11/2016;
1;723;09/11/2016;
1;710;08/11/2016;
1;703;07/11/2016;
1;712;06/11/2016;
1;703;05/11/2016;
1;703;04/11/2016;
1;689;03/11/2016;
1;741;02/11/2016;
1;730;01/11/2016;
1;701;31/10/2016;
1;702;30/10/2016;
1;714;29/10/2016;
1;690;28/10/2016;
1;688;27/10/2016;
1;678;26/10/2016;
1;658;25/10/2016;
1;654;24/10/2016;
1;657;23/10/2016;
1;657;22/10/2016;
1;633;21/10/2016;
1;631;20/10/2016;
1;631;19/10/2016;
1;638;18/10/2016;
1;639;17/10/2016;
1;642;16/10/2016;
1;639;15/10/2016;
1;640;14/10/2016;
1;637;13/10/2016;
1;636;12/10/2016;
1;641;11/10/2016;
1;619;10/10/2016;
1;617;09/10/2016;
1;619;08/10/2016;
1;617;07/10/2016;
1;613;06/10/2016;
1;613;05/10/2016;
1;610;04/10/2016;
1;612;03/10/2016;
1;611;02/10/2016;
1;614;01/10/2016;
1;610;30/09/2016;
1;606;29/09/2016;
1;605;28/09/2016;
1;606;27/09/2016;
1;608;26/09/2016;
1;601;25/09/2016;
1;603;24/09/2016;
1;603;23/09/2016;
1;596;22/09/2016;
1;597;21/09/2016;
1;608;20/09/2016;
1;609;19/09/2016;
1;610;18/09/2016;
1;606;17/09/2016;
1;607;16/09/2016;
1;607;15/09/2016;
1;611;14/09/2016;
1;609;13/09/2016;
1;608;12/09/2016;
1;607;11/09/2016;
1;624;10/09/2016;
1;623;09/09/2016;
1;626;08/09/2016;
1;615;07/09/2016;
1;610;06/09/2016;
1;607;05/09/2016;
1;609;04/09/2016;
1;598;03/09/2016;
1;576;02/09/2016;
1;572;01/09/2016;
1;575;31/08/2016;
1;578;30/08/2016;
1;574;29/08/2016;
1;574;28/08/2016;
1;570;27/08/2016;
1;580;26/08/2016;
1;578;25/08/2016;
1;580;24/08/2016;
1;583;23/08/2016;
1;587;22/08/2016;
1;581;21/08/2016;
1;582;20/08/2016;
1;576;19/08/2016;
1;574;18/08/2016;
1;573;17/08/2016;
1;577;16/08/2016;
1;567;15/08/2016;
1;570;14/08/2016;
1;586;13/08/2016;
1;588;12/08/2016;
1;589;11/08/2016;
1;592;10/08/2016;
1;588;09/08/2016;
1;591;08/08/2016;
1;593;07/08/2016;
1;588;06/08/2016;
1;575;05/08/2016;
1;578;04/08/2016;
1;566;03/08/2016;
1;547;02/08/2016;
1;606;01/08/2016;
1;625;31/07/2016;
1;655;30/07/2016;
1;657;29/07/2016;
1;655;28/07/2016;
1;654;27/07/2016;
1;652;26/07/2016;
1;654;25/07/2016;
1;661;24/07/2016;
1;656;23/07/2016;
1;651;22/07/2016;
1;665;21/07/2016;
1;666;20/07/2016;
1;673;19/07/2016;
1;673;18/07/2016;
1;679;17/07/2016;
1;661;16/07/2016;
1;663;15/07/2016;
1;658;14/07/2016;
1;654;13/07/2016;
1;665;12/07/2016;
1;648;11/07/2016;
1;649;10/07/2016;
1;651;09/07/2016;
1;667;08/07/2016;
1;641;07/07/2016;
1;677;06/07/2016;
1;671;05/07/2016;
1;684;04/07/2016;
1;659;03/07/2016;
1;704;02/07/2016;
1;676;01/07/2016;
1;673;30/06/2016;
1;640;29/06/2016;
1;647;28/06/2016;
1;655;27/06/2016;
1;629;26/06/2016;
1;665;25/06/2016;
1;665;24/06/2016;
1;624;23/06/2016;
1;596;22/06/2016;
1;667;21/06/2016;
1;737;20/06/2016;
1;764;19/06/2016;
1;756;18/06/2016;
1;749;17/06/2016;
1;766;16/06/2016;
1;694;15/06/2016;
1;686;14/06/2016;
1;704;13/06/2016;
1;673;12/06/2016;
1;607;11/06/2016;
1;577;10/06/2016;
1;575;09/06/2016;
1;582;08/06/2016;
1;577;07/06/2016;
1;586;06/06/2016;
1;575;05/06/2016;
1;573;04/06/2016;
1;569;03/06/2016;
1;538;02/06/2016;
1;537;01/06/2016;
1;531;31/05/2016;
1;534;30/05/2016;
1;526;29/05/2016;
1;530;28/05/2016;
1;473;27/05/2016;
1;453;26/05/2016;
1;450;25/05/2016;
1;446;24/05/2016;
1;444;23/05/2016;
1;439;22/05/2016;
1;443;21/05/2016;
1;443;20/05/2016;
1;439;19/05/2016;
1;455;18/05/2016;
1;454;17/05/2016;
1;454;16/05/2016;
1;458;15/05/2016;
1;456;14/05/2016;
1;456;13/05/2016;
1;455;12/05/2016;
1;453;11/05/2016;
1;451;10/05/2016;
1;460;09/05/2016;
1;459;08/05/2016;
1;459;07/05/2016;
1;460;06/05/2016;
1;448;05/05/2016;
1;447;04/05/2016;
1;450;03/05/2016;
1;445;02/05/2016;
1;452;01/05/2016;
1;448;30/04/2016;
1;455;29/04/2016;
1;449;28/04/2016;
1;445;27/04/2016;
1;466;26/04/2016;
1;461;25/04/2016;
1;459;24/04/2016;
1;450;23/04/2016;
1;446;22/04/2016;
1;449;21/04/2016;
1;441;20/04/2016;
1;436;19/04/2016;
1;429;18/04/2016;
1;427;17/04/2016;
1;431;16/04/2016;
1;430;15/04/2016;
1;424;14/04/2016;
1;424;13/04/2016;
1;425;12/04/2016;
1;422;11/04/2016;
1;422;10/04/2016;
1;419;09/04/2016;
1;420;08/04/2016;
1;423;07/04/2016;
1;423;06/04/2016;
1;424;05/04/2016;
1;421;04/04/2016;
1;421;03/04/2016;
1;421;02/04/2016;
1;418;01/04/2016;
1;417;31/03/2016;
1;415;30/03/2016;
1;417;29/03/2016;
1;424;28/03/2016;
1;427;27/03/2016;
1;418;26/03/2016;
1;417;25/03/2016;
1;416;24/03/2016;
1;418;23/03/2016;
1;418;22/03/2016;
1;413;21/03/2016;
1;414;20/03/2016;
1;410;19/03/2016;
1;410;18/03/2016;
1;421;17/03/2016;
1;417;16/03/2016;
1;417;15/03/2016;
1;416;14/03/2016;
1;414;13/03/2016;
1;412;12/03/2016;
1;422;11/03/2016;
1;417;10/03/2016;
1;415;09/03/2016;
1;414;08/03/2016;
1;414;07/03/2016;
1;408;06/03/2016;
1;401;05/03/2016;
1;411;04/03/2016;
1;422;03/03/2016;
1;424;02/03/2016;
1;435;01/03/2016;
1;438;29/02/2016;
1;434;28/02/2016;
1;433;27/02/2016;
1;432;26/02/2016;
1;425;25/02/2016;
1;425;24/02/2016;
1;421;23/02/2016;
1;438;22/02/2016;
1;439;21/02/2016;
1;437;20/02/2016;
1;421;19/02/2016;
1;422;18/02/2016;
1;416;17/02/2016;
1;407;16/02/2016;
1;400;15/02/2016;
1;407;14/02/2016;
1;392;13/02/2016;
1;384;12/02/2016;
1;380;11/02/2016;
1;382;10/02/2016;
1;376;09/02/2016;
1;373;08/02/2016;
1;377;07/02/2016;
1;377;06/02/2016;
1;387;05/02/2016;
1;390;04/02/2016;
1;370;03/02/2016;
1;374;02/02/2016;
1;373;01/02/2016;
1;369;31/01/2016;
1;378;30/01/2016;
1;379;29/01/2016;
1;380;28/01/2016;
1;395;27/01/2016;
1;392;26/01/2016;
1;392;25/01/2016;
1;403;24/01/2016;
1;387;23/01/2016;
1;382;22/01/2016;
1;410;21/01/2016;
1;420;20/01/2016;
1;380;19/01/2016;
1;387;18/01/2016;
1;382;17/01/2016;
1;388;16/01/2016;
1;364;15/01/2016;
1;430;14/01/2016;
1;432;13/01/2016;
1;436;12/01/2016;
1;448;11/01/2016;
1;448;10/01/2016;
1;448;09/01/2016;
1;453;08/01/2016;
1;458;07/01/2016;
1;429;06/01/2016;
1;432;05/01/2016;
1;433;04/01/2016;
1;430;03/01/2016;
1;433;02/01/2016;
1;434;01/01/2016;
1;431;31/12/2015;
1;427;30/12/2015;
1;433;29/12/2015;
1;422;28/12/2015;
1;423;27/12/2015;
1;417;26/12/2015;
1;456;25/12/2015;
1;455;24/12/2015;
1;442;23/12/2015;
1;437;22/12/2015;
1;439;21/12/2015;
1;443;20/12/2015;
1;462;19/12/2015;
1;464;18/12/2015;
1;456;17/12/2015;
1;455;16/12/2015;
1;465;15/12/2015;
1;444;14/12/2015;
1;434;13/12/2015;
1;435;12/12/2015;
1;452;11/12/2015;
1;415;10/12/2015;
1;418;09/12/2015;
1;416;08/12/2015;
1;396;07/12/2015;
1;389;06/12/2015;
1;389;05/12/2015;
1;363;04/12/2015;
1;361;03/12/2015;
1;359;02/12/2015;
1;362;01/12/2015;
1;377;30/11/2015;
1;371;29/11/2015;
1;357;28/11/2015;
1;358;27/11/2015;
1;353;26/11/2015;
1;328;25/11/2015;
1;320;24/11/2015;
1;323;23/11/2015;
1;325;22/11/2015;
1;327;21/11/2015;
1;322;20/11/2015;
1;326;19/11/2015;
1;335;18/11/2015;
1;335;17/11/2015;
1;331;16/11/2015;
1;320;15/11/2015;
1;333;14/11/2015;
1;337;13/11/2015;
1;338;12/11/2015;
1;311;11/11/2015;
1;337;10/11/2015;
1;380;09/11/2015;
1;373;08/11/2015;
1;386;07/11/2015;
1;374;06/11/2015;
1;386;05/11/2015;
1;412;04/11/2015;
1;403;03/11/2015;
1;361;02/11/2015;
1;325;01/11/2015;
1;314;31/10/2015;
1;328;30/10/2015;
1;314;29/10/2015;
1;305;28/10/2015;
1;294;27/10/2015;
1;285;26/10/2015;
1;284;25/10/2015;
1;282;24/10/2015;
1;277;23/10/2015;
1;274;22/10/2015;
1;266;21/10/2015;
1;269;20/10/2015;
1;263;19/10/2015;
1;262;18/10/2015;
1;271;17/10/2015;
1;263;16/10/2015;
1;254;15/10/2015;
1;252;14/10/2015;
1;250;13/10/2015;
1;245;12/10/2015;
1;247;11/10/2015;
1;245;10/10/2015;
1;244;09/10/2015;
1;242;08/10/2015;
1;243;07/10/2015;
1;246;06/10/2015;
1;240;05/10/2015;
1;238;04/10/2015;
1;239;03/10/2015;
1;237;02/10/2015;
1;238;01/10/2015;
1;236;30/09/2015;
1;237;29/09/2015;
1;239;28/09/2015;
1;233;27/09/2015;
1;234;26/09/2015;
1;235;25/09/2015;
1;235;24/09/2015;
1;230;23/09/2015;
1;231;22/09/2015;
1;227;21/09/2015;
1;231;20/09/2015;
1;231;19/09/2015;
1;233;18/09/2015;
1;230;17/09/2015;
1;229;16/09/2015;
1;230;15/09/2015;
1;231;14/09/2015;
1;231;13/09/2015;
1;235;12/09/2015;
1;240;11/09/2015;
1;238;10/09/2015;
1;238;09/09/2015;
1;244;08/09/2015;
1;240;07/09/2015;
1;240;06/09/2015;
1;235;05/09/2015;
1;230;04/09/2015;
1;227;03/09/2015;
1;229;02/09/2015;
1;228;01/09/2015;
1;230;31/08/2015;
1;229;30/08/2015;
1;230;29/08/2015;
1;231;28/08/2015;
1;225;27/08/2015;
1;226;26/08/2015;
1;222;25/08/2015;
1;211;24/08/2015;
1;228;23/08/2015;
1;230;22/08/2015;
1;233;21/08/2015;
1;235;20/08/2015;
1;227;19/08/2015;
1;211;18/08/2015;
1;258;17/08/2015;
1;259;16/08/2015;
1;262;15/08/2015;
1;266;14/08/2015;
1;264;13/08/2015;
1;266;12/08/2015;
1;270;11/08/2015;
1;264;10/08/2015;
1;265;09/08/2015;
1;261;08/08/2015;
1;280;07/08/2015;
1;279;06/08/2015;
1;282;05/08/2015;
1;285;04/08/2015;
1;281;03/08/2015;
1;283;02/08/2015;
1;282;01/08/2015;
1;285;31/07/2015;
1;288;30/07/2015;
1;290;29/07/2015;
1;294;28/07/2015;
1;294;27/07/2015;
1;293;26/07/2015;
1;289;25/07/2015;
1;288;24/07/2015;
1;276;23/07/2015;
1;277;22/07/2015;
1;276;21/07/2015;
1;279;20/07/2015;
1;274;19/07/2015;
1;275;18/07/2015;
1;279;17/07/2015;
1;278;16/07/2015;
1;286;15/07/2015;
1;287;14/07/2015;
1;292;13/07/2015;
1;311;12/07/2015;
1;293;11/07/2015;
1;285;10/07/2015;
1;269;09/07/2015;
1;271;08/07/2015;
1;266;07/07/2015;
1;269;06/07/2015;
1;272;05/07/2015;
1;261;04/07/2015;
1;256;03/07/2015;
1;255;02/07/2015;
1;259;01/07/2015;
1;263;30/06/2015;
1;257;29/06/2015;
1;249;28/06/2015;
1;251;27/06/2015;
1;244;26/06/2015;
1;243;25/06/2015;
1;241;24/06/2015;
1;244;23/06/2015;
1;247;22/06/2015;
1;244;21/06/2015;
1;245;20/06/2015;
1;245;19/06/2015;
1;249;18/06/2015;
1;249;17/06/2015;
1;251;16/06/2015;
1;237;15/06/2015;
1;234;14/06/2015;
1;232;13/06/2015;
1;230;12/06/2015;
1;230;11/06/2015;
1;229;10/06/2015;
1;229;09/06/2015;
1;228;08/06/2015;
1;223;07/06/2015;
1;226;06/06/2015;
1;225;05/06/2015;
1;224;04/06/2015;
1;226;03/06/2015;
1;226;02/06/2015;
1;223;01/06/2015;
1;230;31/05/2015;
1;233;30/05/2015;
1;237;29/05/2015;
1;237;28/05/2015;
1;237;27/05/2015;
1;237;26/05/2015;
1;237;25/05/2015;
1;241;24/05/2015;
1;239;23/05/2015;
1;240;22/05/2015;
1;235;21/05/2015;
1;234;20/05/2015;
1;232;19/05/2015;
1;233;18/05/2015;
1;237;17/05/2015;
1;236;16/05/2015;
1;238;15/05/2015;
1;237;14/05/2015;
1;236;13/05/2015;
1;241;12/05/2015;
1;242;11/05/2015;
1;240;10/05/2015;
1;242;09/05/2015;
1;244;08/05/2015;
1;237;07/05/2015;
1;230;06/05/2015;
1;236;05/05/2015;
1;239;04/05/2015;
1;240;03/05/2015;
1;235;02/05/2015;
1;232;01/05/2015;
1;236;30/04/2015;
1;226;29/04/2015;
1;226;28/04/2015;
1;229;27/04/2015;
1;219;26/04/2015;
1;226;25/04/2015;
1;231;24/04/2015;
1;236;23/04/2015;
1;234;22/04/2015;
1;235;21/04/2015;
1;225;20/04/2015;
1;223;19/04/2015;
1;223;18/04/2015;
1;223;17/04/2015;
1;229;16/04/2015;
1;224;15/04/2015;
1;219;14/04/2015;
1;225;13/04/2015;
1;236;12/04/2015;
1;237;11/04/2015;
1;236;10/04/2015;
1;244;09/04/2015;
1;245;08/04/2015;
1;253;07/04/2015;
1;255;06/04/2015;
1;261;05/04/2015;
1;254;04/04/2015;
1;254;03/04/2015;
1;253;02/04/2015;
1;247;01/04/2015;
1;244;31/03/2015;
1;248;30/03/2015;
1;243;29/03/2015;
1;253;28/03/2015;
1;247;27/03/2015;
1;249;26/03/2015;
1;246;25/03/2015;
1;246;24/03/2015;
1;267;23/03/2015;
1;268;22/03/2015;
1;260;21/03/2015;
1;262;20/03/2015;
1;261;19/03/2015;
1;256;18/03/2015;
1;286;17/03/2015;
1;291;16/03/2015;
1;286;15/03/2015;
1;282;14/03/2015;
1;285;13/03/2015;
1;294;12/03/2015;
1;296;11/03/2015;
1;292;10/03/2015;
1;290;09/03/2015;
1;274;08/03/2015;
1;276;07/03/2015;
1;273;06/03/2015;
1;276;05/03/2015;
1;273;04/03/2015;
1;282;03/03/2015;
1;276;02/03/2015;
1;260;01/03/2015;
1;254;28/02/2015;
1;254;27/02/2015;
1;236;26/02/2015;
1;237;25/02/2015;
1;239;24/02/2015;
1;239;23/02/2015;
1;236;22/02/2015;
1;245;21/02/2015;
1;244;20/02/2015;
1;240;19/02/2015;
1;236;18/02/2015;
1;244;17/02/2015;
1;234;16/02/2015;
1;235;15/02/2015;
1;257;14/02/2015;
1;235;13/02/2015;
1;222;12/02/2015;
1;219;11/02/2015;
1;220;10/02/2015;
1;220;09/02/2015;
1;223;08/02/2015;
1;228;07/02/2015;
1;222;06/02/2015;
1;217;05/02/2015;
1;227;04/02/2015;
1;227;03/02/2015;
1;238;02/02/2015;
1;227;01/02/2015;
1;217;31/01/2015;
1;226;30/01/2015;
1;234;29/01/2015;
1;234;28/01/2015;
1;263;27/01/2015;
1;273;26/01/2015;
1;254;25/01/2015;
1;248;24/01/2015;
1;233;23/01/2015;
1;233;22/01/2015;
1;227;21/01/2015;
1;211;20/01/2015;
1;215;19/01/2015;
1;210;18/01/2015;
1;199;17/01/2015;
1;208;16/01/2015;
1;210;15/01/2015;
1;178;14/01/2015;
1;226;13/01/2015;
1;268;12/01/2015;
1;266;11/01/2015;
1;275;10/01/2015;
1;290;09/01/2015;
1;283;08/01/2015;
1;294;07/01/2015;
1;286;06/01/2015;
1;274;05/01/2015;
1;264;04/01/2015;
1;281;03/01/2015;
1;315;02/01/2015;
1;314;01/01/2015;
1;320;31/12/2014;
1;311;30/12/2014;
1;313;29/12/2014;
1;317;28/12/2014;
1;316;27/12/2014;
1;328;26/12/2014;
1;319;25/12/2014;
1;323;24/12/2014;
1;335;23/12/2014;
1;332;22/12/2014;
1;321;21/12/2014;
1;330;20/12/2014;
1;318;19/12/2014;
1;311;18/12/2014;
1;320;17/12/2014;
1;327;16/12/2014;
1;345;15/12/2014;
1;352;14/12/2014;
1;347;13/12/2014;
1;353;12/12/2014;
1;351;11/12/2014;
1;346;10/12/2014;
1;352;09/12/2014;
1;362;08/12/2014;
1;375;07/12/2014;
1;375;06/12/2014;
1;377;05/12/2014;
1;370;04/12/2014;
1;375;03/12/2014;
1;381;02/12/2014;
1;379;01/12/2014;
1;378;30/11/2014;
1;375;29/11/2014;
1;376;28/11/2014;
1;370;27/11/2014;
1;368;26/11/2014;
1;375;25/11/2014;
1;377;24/11/2014;
1;368;23/11/2014;
1;353;22/11/2014;
1;351;21/11/2014;
1;358;20/11/2014;
1;381;19/11/2014;
1;375;18/11/2014;
1;387;17/11/2014;
1;388;16/11/2014;
1;376;15/11/2014;
1;398;14/11/2014;
1;421;13/11/2014;
1;424;12/11/2014;
1;368;11/11/2014;
1;367;10/11/2014;
1;363;09/11/2014;
1;345;08/11/2014;
1;342;07/11/2014;
1;349;06/11/2014;
1;339;05/11/2014;
1;330;04/11/2014;
1;328;03/11/2014;
1;326;02/11/2014;
1;326;01/11/2014;
1;338;31/10/2014;
1;345;30/10/2014;
1;336;29/10/2014;
1;358;28/10/2014;
1;353;27/10/2014;
1;355;26/10/2014;
1;347;25/10/2014;
1;358;24/10/2014;
1;358;23/10/2014;
1;383;22/10/2014;
1;386;21/10/2014;
1;383;20/10/2014;
1;390;19/10/2014;
1;391;18/10/2014;
1;384;17/10/2014;
1;383;16/10/2014;
1;395;15/10/2014;
1;401;14/10/2014;
1;390;13/10/2014;
1;379;12/10/2014;
1;362;11/10/2014;
1;362;10/10/2014;
1;365;09/10/2014;
1;353;08/10/2014;
1;336;07/10/2014;
1;330;06/10/2014;
1;321;05/10/2014;
1;329;04/10/2014;
1;360;03/10/2014;
1;375;02/10/2014;
1;384;01/10/2014;
1;387;30/09/2014;
1;375;29/09/2014;
1;377;28/09/2014;
1;400;27/09/2014;
1;404;26/09/2014;
1;412;25/09/2014;
1;423;24/09/2014;
1;436;23/09/2014;
1;402;22/09/2014;
1;399;21/09/2014;
1;409;20/09/2014;
1;395;19/09/2014;
1;424;18/09/2014;
1;457;17/09/2014;
1;466;16/09/2014;
1;475;15/09/2014;
1;478;14/09/2014;
1;479;13/09/2014;
1;478;12/09/2014;
1;480;11/09/2014;
1;479;10/09/2014;
1;475;09/09/2014;
1;475;08/09/2014;
1;482;07/09/2014;
1;485;06/09/2014;
1;483;05/09/2014;
1;490;04/09/2014;
1;478;03/09/2014;
1;477;02/09/2014;
1;475;01/09/2014;
1;478;31/08/2014;
1;504;30/08/2014;
1;509;29/08/2014;
1;508;28/08/2014;
1;511;27/08/2014;
1;512;26/08/2014;
1;503;25/08/2014;
1;508;24/08/2014;
1;498;23/08/2014;
1;514;22/08/2014;
1;517;21/08/2014;
1;512;20/08/2014;
1;485;19/08/2014;
1;461;18/08/2014;
1;492;17/08/2014;
1;520;16/08/2014;
1;497;15/08/2014;
1;506;14/08/2014;
1;547;13/08/2014;
1;570;12/08/2014;
1;576;11/08/2014;
1;591;10/08/2014;
1;589;09/08/2014;
1;593;08/08/2014;
1;589;07/08/2014;
1;585;06/08/2014;
1;585;05/08/2014;
1;589;04/08/2014;
1;587;03/08/2014;
1;589;02/08/2014;
1;595;01/08/2014;
1;586;31/07/2014;
1;567;30/07/2014;
1;585;29/07/2014;
1;586;28/07/2014;
1;594;27/07/2014;
1;596;26/07/2014;
1;601;25/07/2014;
1;602;24/07/2014;
1;619;23/07/2014;
1;622;22/07/2014;
1;622;21/07/2014;
1;624;20/07/2014;
1;629;19/07/2014;
1;629;18/07/2014;
1;623;17/07/2014;
1;617;16/07/2014;
1;622;15/07/2014;
1;619;14/07/2014;
1;627;13/07/2014;
1;634;12/07/2014;
1;632;11/07/2014;
1;617;10/07/2014;
1;625;09/07/2014;
1;625;08/07/2014;
1;624;07/07/2014;
1;636;06/07/2014;
1;631;05/07/2014;
1;631;04/07/2014;
1;645;03/07/2014;
1;651;02/07/2014;
1;641;01/07/2014;
1;640;30/06/2014;
1;603;29/06/2014;
1;597;28/06/2014;
1;597;27/06/2014;
1;581;26/06/2014;
1;566;25/06/2014;
1;582;24/06/2014;
1;594;23/06/2014;
1;602;22/06/2014;
1;595;21/06/2014;
1;594;20/06/2014;
1;598;19/06/2014;
1;608;18/06/2014;
1;611;17/06/2014;
1;592;16/06/2014;
1;593;15/06/2014;
1;577;14/06/2014;
1;600;13/06/2014;
1;587;12/06/2014;
1;633;11/06/2014;
1;653;10/06/2014;
1;649;09/06/2014;
1;656;08/06/2014;
1;655;07/06/2014;
1;654;06/06/2014;
1;659;05/06/2014;
1;642;04/06/2014;
1;668;03/06/2014;
1;661;02/06/2014;
1;630;01/06/2014;
1;624;31/05/2014;
1;615;30/05/2014;
1;568;29/05/2014;
1;577;28/05/2014;
1;571;27/05/2014;
1;583;26/05/2014;
1;572;25/05/2014;
1;525;24/05/2014;
1;520;23/05/2014;
1;525;22/05/2014;
1;492;21/05/2014;
1;486;20/05/2014;
1;446;19/05/2014;
1;446;18/05/2014;
1;449;17/05/2014;
1;448;16/05/2014;
1;447;15/05/2014;
1;444;14/05/2014;
1;441;13/05/2014;
1;441;12/05/2014;
1;439;11/05/2014;
1;454;10/05/2014;
1;449;09/05/2014;
1;440;08/05/2014;
1;439;07/05/2014;
1;429;06/05/2014;
1;433;05/05/2014;
1;436;04/05/2014;
1;438;03/05/2014;
1;449;02/05/2014;
1;458;01/05/2014;
1;448;30/04/2014;
1;447;29/04/2014;
1;440;28/04/2014;
1;436;27/04/2014;
1;459;26/04/2014;
1;461;25/04/2014;
1;500;24/04/2014;
1;491;23/04/2014;
1;488;22/04/2014;
1;496;21/04/2014;
1;498;20/04/2014;
1;502;19/04/2014;
1;480;18/04/2014;
1;496;17/04/2014;
1;527;16/04/2014;
1;516;15/04/2014;
1;459;14/04/2014;
1;414;13/04/2014;
1;421;12/04/2014;
1;421;11/04/2014;
1;365;10/04/2014;
1;443;09/04/2014;
1;453;08/04/2014;
1;449;07/04/2014;
1;461;06/04/2014;
1;462;05/04/2014;
1;448;04/04/2014;
1;445;03/04/2014;
1;437;02/04/2014;
1;478;01/04/2014;
1;457;31/03/2014;
1;460;30/03/2014;
1;491;29/03/2014;
1;496;28/03/2014;
1;471;27/03/2014;
1;581;26/03/2014;
1;584;25/03/2014;
1;583;24/03/2014;
1;561;23/03/2014;
1;565;22/03/2014;
1;571;21/03/2014;
1;589;20/03/2014;
1;610;19/03/2014;
1;615;18/03/2014;
1;622;17/03/2014;
1;631;16/03/2014;
1;636;15/03/2014;
1;629;14/03/2014;
1;638;13/03/2014;
1;632;12/03/2014;
1;634;11/03/2014;
1;628;10/03/2014;
1;637;09/03/2014;
1;617;08/03/2014;
1;629;07/03/2014;
1;664;06/03/2014;
1;666;05/03/2014;
1;667;04/03/2014;
1;668;03/03/2014;
1;560;02/03/2014;
1;566;01/03/2014;
1;549;28/02/2014;
1;579;27/02/2014;
1;583;26/02/2014;
1;539;25/02/2014;
1;546;24/02/2014;
1;606;23/02/2014;
1;605;22/02/2014;
1;574;21/02/2014;
1;556;20/02/2014;
1;623;19/02/2014;
1;627;18/02/2014;
1;626;17/02/2014;
1;617;16/02/2014;
1;651;15/02/2014;
1;662;14/02/2014;
1;605;13/02/2014;
1;652;12/02/2014;
1;672;11/02/2014;
1;681;10/02/2014;
1;683;09/02/2014;
1;674;08/02/2014;
1;712;07/02/2014;
1;782;06/02/2014;
1;812;05/02/2014;
1;828;04/02/2014;
1;824;03/02/2014;
1;825;02/02/2014;
1;833;01/02/2014;
1;830;31/01/2014;
1;819;30/01/2014;
1;826;29/01/2014;
1;813;28/01/2014;
1;771;27/01/2014;
1;885;26/01/2014;
1;854;25/01/2014;
1;797;24/01/2014;
1;822;23/01/2014;
1;846;22/01/2014;
1;864;21/01/2014;
1;870;20/01/2014;
1;871;19/01/2014;
1;840;18/01/2014;
1;815;17/01/2014;
1;836;16/01/2014;
1;861;15/01/2014;
1;833;14/01/2014;
1;841;13/01/2014;
1;863;12/01/2014;
1;914;11/01/2014;
1;868;10/01/2014;
1;847;09/01/2014;
1;843;08/01/2014;
1;802;07/01/2014;
1;953;06/01/2014;
1;934;05/01/2014;
1;860;04/01/2014;
1;819;03/01/2014;
1;802;02/01/2014;
1;771;01/01/2014;
1;754;31/12/2013;
1;756;30/12/2013;
1;745;29/12/2013;
1;728;28/12/2013;
1;735;27/12/2013;
1;762;26/12/2013;
1;682;25/12/2013;
1;666;24/12/2013;
1;673;23/12/2013;
1;617;22/12/2013;
1;606;21/12/2013;
1;625;20/12/2013;
1;692;19/12/2013;
1;523;18/12/2013;
1;682;17/12/2013;
1;706;16/12/2013;
1;876;15/12/2013;
1;873;14/12/2013;
1;893;13/12/2013;
1;873;12/12/2013;
1;878;11/12/2013;
1;989;10/12/2013;
1;893;09/12/2013;
1;796;08/12/2013;
1;698;07/12/2013;
1;829;06/12/2013;
1;1045;05/12/2013;
1;1151;04/12/2013;
1;1078;03/12/2013;
1;1043;02/12/2013;
1;956;01/12/2013;
1;1129;30/11/2013;
1;1132;29/11/2013;
1;1032;28/11/2013;
1;1002;27/11/2013;
1;928;26/11/2013;
1;799;25/11/2013;
1;774;24/11/2013;
1;798;23/11/2013;
1;771;22/11/2013;
1;722;21/11/2013;
1;591;20/11/2013;
1;585;19/11/2013;
1;704;18/11/2013;
1;492;17/11/2013;
1;440;16/11/2013;
1;418;15/11/2013;
1;420;14/11/2013;
1;407;13/11/2013;
1;360;12/11/2013;
1;342;11/11/2013;
1;327;10/11/2013;
1;339;09/11/2013;
1;338;08/11/2013;
1;296;07/11/2013;
1;263;06/11/2013;
1;245;05/11/2013;
1;229;04/11/2013;
1;215;03/11/2013;
1;206;02/11/2013;
1;206;01/11/2013;
1;204;31/10/2013;
1;200;30/10/2013;
1;204;29/10/2013;
1;199;28/10/2013;
1;196;27/10/2013;
1;177;26/10/2013;
1;187;25/10/2013;
1;198;24/10/2013;
1;214;23/10/2013;
1;194;22/10/2013;
1;182;21/10/2013;
1;175;20/10/2013;
1;172;19/10/2013;
1;156;18/10/2013;
1;146;17/10/2013;
1;143;16/10/2013;
1;145;15/10/2013;
1;141;14/10/2013;
1;138;13/10/2013;
1;135;12/10/2013;
1;131;11/10/2013;
1;131;10/10/2013;
1;131;09/10/2013;
1;126;08/10/2013;
1;127;07/10/2013;
1;129;06/10/2013;
1;129;05/10/2013;
1;129;04/10/2013;
1;124;03/10/2013;
1;114;02/10/2013;
1;132;01/10/2013;
1;133;30/09/2013;
1;137;29/09/2013;
1;135;28/09/2013;
1;134;27/09/2013;
1;128;26/09/2013;
1;128;25/09/2013;
1;127;24/09/2013;
1;126;23/09/2013;
1;129;22/09/2013;
1;127;21/09/2013;
1;127;20/09/2013;
1;130;19/09/2013;
1;131;18/09/2013;
1;132;17/09/2013;
1;132;16/09/2013;
1;130;15/09/2013;
1;129;14/09/2013;
1;135;13/09/2013;
1;133;12/09/2013;
1;135;11/09/2013;
1;126;10/09/2013;
1;127;09/09/2013;
1;122;08/09/2013;
1;124;07/09/2013;
1;119;06/09/2013;
1;126;05/09/2013;
1;127;04/09/2013;
1;137;03/09/2013;
1;136;02/09/2013;
1;138;01/09/2013;
1;135;31/08/2013;
1;133;30/08/2013;
1;122;29/08/2013;
1;123;28/08/2013;
1;127;27/08/2013;
1;120;26/08/2013;
1;122;25/08/2013;
1;120;24/08/2013;
1;119;23/08/2013;
1;121;22/08/2013;
1;123;21/08/2013;
1;121;20/08/2013;
1;119;19/08/2013;
1;114;18/08/2013;
1;114;17/08/2013;
1;109;16/08/2013;
1;110;15/08/2013;
1;113;14/08/2013;
1;109;13/08/2013;
1;107;12/08/2013;
1;105;11/08/2013;
1;103;10/08/2013;
1;103;09/08/2013;
1;103;08/08/2013;
1;107;07/08/2013;
1;107;06/08/2013;
1;106;05/08/2013;
1;105;04/08/2013;
1;104;03/08/2013;
1;105;02/08/2013;
1;104;01/08/2013;
1;106;31/07/2013;
1;108;30/07/2013;
1;101;29/07/2013;
1;100;28/07/2013;
1;94;27/07/2013;
1;96;26/07/2013;
1;97;25/07/2013;
1;95;24/07/2013;
1;96;23/07/2013;
1;92;22/07/2013;
1;91;21/07/2013;
1;89;20/07/2013;
1;92;19/07/2013;
1;91;18/07/2013;
1;99;17/07/2013;
1;97;16/07/2013;
1;98;15/07/2013;
1;95;14/07/2013;
1;98;13/07/2013;
1;94;12/07/2013;
1;89;11/07/2013;
1;87;10/07/2013;
1;77;09/07/2013;
1;77;08/07/2013;
1;75;07/07/2013;
1;70;06/07/2013;
1;68;05/07/2013;
1;81;04/07/2013;
1;78;03/07/2013;
1;90;02/07/2013;
1;88;01/07/2013;
1;97;30/06/2013;
1;95;29/06/2013;
1;95;28/06/2013;
1;101;27/06/2013;
1;104;26/06/2013;
1;104;25/06/2013;
1;103;24/06/2013;
1;108;23/06/2013;
1;108;22/06/2013;
1;110;21/06/2013;
1;110;20/06/2013;
1;108;19/06/2013;
1;107;18/06/2013;
1;102;17/06/2013;
1;100;16/06/2013;
1;100;15/06/2013;
1;100;14/06/2013;
1;104;13/06/2013;
1;108;12/06/2013;
1;109;11/06/2013;
1;106;10/06/2013;
1;100;09/06/2013;
1;108;08/06/2013;
1;112;07/06/2013;
1;118;06/06/2013;
1;122;05/06/2013;
1;121;04/06/2013;
1;122;03/06/2013;
1;122;02/06/2013;
1;129;01/06/2013;
1;129;31/05/2013;
1;129;30/05/2013;
1;132;29/05/2013;
1;129;28/05/2013;
1;130;27/05/2013;
1;133;26/05/2013;
1;132;25/05/2013;
1;133;24/05/2013;
1;127;23/05/2013;
1;124;22/05/2013;
1;123;21/05/2013;
1;122;20/05/2013;
1;122;19/05/2013;
1;124;18/05/2013;
1;123;17/05/2013;
1;119;16/05/2013;
1;114;15/05/2013;
1;112;14/05/2013;
1;118;13/05/2013;
1;115;12/05/2013;
1;115;11/05/2013;
1;117;10/05/2013;
1;113;09/05/2013;
1;114;08/05/2013;
1;112;07/05/2013;
1;112;06/05/2013;
1;116;05/05/2013;
1;113;04/05/2013;
1;98;03/05/2013;
1;105;02/05/2013;
1;117;01/05/2013;
1;139;30/04/2013;
1;145;29/04/2013;
1;134;28/04/2013;
