150;2018-05-10
157;2018-05-09
160;2018-05-08
165;2018-05-07
172;2018-05-06
178;2018-05-05
169;2018-05-04
161;2018-05-03
152;2018-05-02
148;2018-05-01
148;2018-04-30
154;2018-04-29
152;2018-04-28
146;2018-04-27
154;2018-04-26
145;2018-04-25
166;2018-04-24
152;2018-04-23
147;2018-04-22
149;2018-04-21
156;2018-04-20
146;2018-04-19
140;2018-04-18
133;2018-04-17
128;2018-04-16
132;2018-04-15
126;2018-04-14
125;2018-04-13
129;2018-04-12
118;2018-04-11
114;2018-04-10
115;2018-04-09
118;2018-04-08
116;2018-04-07
113;2018-04-06
119;2018-04-05
118;2018-04-04
134;2018-04-03
119;2018-04-02
115;2018-04-01
117;2018-03-31
119;2018-03-30
115;2018-03-29
132;2018-03-28
136;2018-03-27
149;2018-03-26
160;2018-03-25
160;2018-03-24
168;2018-03-23
164;2018-03-22
169;2018-03-21
169;2018-03-20
161;2018-03-19
154;2018-03-18
153;2018-03-17
165;2018-03-16
164;2018-03-15
161;2018-03-14
176;2018-03-13
178;2018-03-12
189;2018-03-11
178;2018-03-10
187;2018-03-09
177;2018-03-08
186;2018-03-07
197;2018-03-06
211;2018-03-05
214;2018-03-04
211;2018-03-03
213;2018-03-02
210;2018-03-01
203;2018-02-28
217;2018-02-27
221;2018-02-26
220;2018-02-25
209;2018-02-24
209;2018-02-23
195;2018-02-22
213;2018-02-21
233;2018-02-20
223;2018-02-19
216;2018-02-18
229;2018-02-17
230;2018-02-16
225;2018-02-15
213;2018-02-14
160;2018-02-13
162;2018-02-12
149;2018-02-11
156;2018-02-10
164;2018-02-09
149;2018-02-08
138;2018-02-07
143;2018-02-06
125;2018-02-05
148;2018-02-04
160;2018-02-03
131;2018-02-02
142;2018-02-01
163;2018-01-31
165;2018-01-30
182;2018-01-29
194;2018-01-28
181;2018-01-27
177;2018-01-26
180;2018-01-25
180;2018-01-24
178;2018-01-23
180;2018-01-22
190;2018-01-21
211;2018-01-20
193;2018-01-19
193;2018-01-18
187;2018-01-17
188;2018-01-16
233;2018-01-15
239;2018-01-14
259;2018-01-13
237;2018-01-12
229;2018-01-11
251;2018-01-10
247;2018-01-09
256;2018-01-08
288;2018-01-07
296;2018-01-06
249;2018-01-05
241;2018-01-04
245;2018-01-03
256;2018-01-02
229;2018-01-01
232;2017-12-31
219;2017-12-30
246;2017-12-29
250;2017-12-28
272;2017-12-27
287;2017-12-26
273;2017-12-25
276;2017-12-24
288;2017-12-23
265;2017-12-22
317;2017-12-21
315;2017-12-20
350;2017-12-19
358;2017-12-18
319;2017-12-17
299;2017-12-16
300;2017-12-15
279;2017-12-14
303;2017-12-13
316;2017-12-12
214;2017-12-11
149;2017-12-10
155;2017-12-09
125;2017-12-08
98;2017-12-07
100;2017-12-06
102;2017-12-05
104;2017-12-04
101;2017-12-03
100;2017-12-02
99;2017-12-01
88;2017-11-30
86;2017-11-29
96;2017-11-28
92;2017-11-27
86;2017-11-26
89;2017-11-25
78;2017-11-24
73;2017-11-23
72;2017-11-22
70;2017-11-21
72;2017-11-20
72;2017-11-19
70;2017-11-18
68;2017-11-17
71;2017-11-16
64;2017-11-15
63;2017-11-14
61;2017-11-13
59;2017-11-12
62;2017-11-11
59;2017-11-10
64;2017-11-09
63;2017-11-08
61;2017-11-07
55;2017-11-06
55;2017-11-05
55;2017-11-04
56;2017-11-03
55;2017-11-02
53;2017-11-01
56;2017-10-31
56;2017-10-30
57;2017-10-29
55;2017-10-28
55;2017-10-27
56;2017-10-26
56;2017-10-25
56;2017-10-24
55;2017-10-23
57;2017-10-22
58;2017-10-21
60;2017-10-20
60;2017-10-19
61;2017-10-18
59;2017-10-17
65;2017-10-16
65;2017-10-15
64;2017-10-14
59;2017-10-13
60;2017-10-12
51;2017-10-11
51;2017-10-10
50;2017-10-09
53;2017-10-08
53;2017-10-07
52;2017-10-06
52;2017-10-05
51;2017-10-04
52;2017-10-03
53;2017-10-02
55;2017-10-01
55;2017-09-30
53;2017-09-29
54;2017-09-28
56;2017-09-27
52;2017-09-26
52;2017-09-25
48;2017-09-24
49;2017-09-23
48;2017-09-22
47;2017-09-21
52;2017-09-20
53;2017-09-19
56;2017-09-18
48;2017-09-17
48;2017-09-16
48;2017-09-15
42;2017-09-14
62;2017-09-13
64;2017-09-12
66;2017-09-11
62;2017-09-10
66;2017-09-09
68;2017-09-08
78;2017-09-07
80;2017-09-06
71;2017-09-05
65;2017-09-04
77;2017-09-03
79;2017-09-02
86;2017-09-01
71;2017-08-31
64;2017-08-30
63;2017-08-29
62;2017-08-28
61;2017-08-27
52;2017-08-26
51;2017-08-25
50;2017-08-24
53;2017-08-23
47;2017-08-22
48;2017-08-21
46;2017-08-20
45;2017-08-19
47;2017-08-18
44;2017-08-17
44;2017-08-16
43;2017-08-15
46;2017-08-14
46;2017-08-13
46;2017-08-12
47;2017-08-11
47;2017-08-10
48;2017-08-09
49;2017-08-08
46;2017-08-07
45;2017-08-06
47;2017-08-05
43;2017-08-04
43;2017-08-03
42;2017-08-02
43;2017-08-01
43;2017-07-31
40;2017-07-30
41;2017-07-29
41;2017-07-28
42;2017-07-27
42;2017-07-26
42;2017-07-25
44;2017-07-24
44;2017-07-23
47;2017-07-22
46;2017-07-21
45;2017-07-20
41;2017-07-19
44;2017-07-18
43;2017-07-17
41;2017-07-16
39;2017-07-15
43;2017-07-14
46;2017-07-13
49;2017-07-12
45;2017-07-11
47;2017-07-10
50;2017-07-09
52;2017-07-08
47;2017-07-07
51;2017-07-06
53;2017-07-05
55;2017-07-04
46;2017-07-03
42;2017-07-02
39;2017-07-01
40;2017-06-30
41;2017-06-29
43;2017-06-28
41;2017-06-27
41;2017-06-26
44;2017-06-25
44;2017-06-24
47;2017-06-23
48;2017-06-22
48;2017-06-21
47;2017-06-20
50;2017-06-19
46;2017-06-18
48;2017-06-17
36;2017-06-16
30;2017-06-15
30;2017-06-14
31;2017-06-13
30;2017-06-12
33;2017-06-11
30;2017-06-10
30;2017-06-09
30;2017-06-08
28;2017-06-07
31;2017-06-06
31;2017-06-05
28;2017-06-04
28;2017-06-03
29;2017-06-02
29;2017-06-01
25;2017-05-31
24;2017-05-30
25;2017-05-29
24;2017-05-28
24;2017-05-27
24;2017-05-26
30;2017-05-25
34;2017-05-24
32;2017-05-23
25;2017-05-22
26;2017-05-21
28;2017-05-20
28;2017-05-19
28;2017-05-18
25;2017-05-17
23;2017-05-16
25;2017-05-15
29;2017-05-14
29;2017-05-13
27;2017-05-12
31;2017-05-11
32;2017-05-10
34;2017-05-09
29;2017-05-08
30;2017-05-07
28;2017-05-06
26;2017-05-05
23;2017-05-04
21;2017-05-03
16;2017-05-02
16;2017-05-01
16;2017-04-30
16;2017-04-29
14;2017-04-28
15;2017-04-27
15;2017-04-26
15;2017-04-25
15;2017-04-24
14;2017-04-23
13;2017-04-22
11;2017-04-21
10;2017-04-20
10;2017-04-19
10;2017-04-18
10;2017-04-17
11;2017-04-16
11;2017-04-15
10;2017-04-14
10;2017-04-13
11;2017-04-12
9;2017-04-11
9;2017-04-10
9;2017-04-09
10;2017-04-08
9;2017-04-07
10;2017-04-06
11;2017-04-05
8;2017-04-04
8;2017-04-03
8;2017-04-02
7;2017-04-01
7;2017-03-31
7;2017-03-30
4;2017-03-29
4;2017-03-28
4;2017-03-27
4;2017-03-26
4;2017-03-25
4;2017-03-24
4;2017-03-23
4;2017-03-22
4;2017-03-21
4;2017-03-20
4;2017-03-19
4;2017-03-18
4;2017-03-17
4;2017-03-16
4;2017-03-15
4;2017-03-14
4;2017-03-13
4;2017-03-12
4;2017-03-11
4;2017-03-10
4;2017-03-09
4;2017-03-08
4;2017-03-07
4;2017-03-06
4;2017-03-05
4;2017-03-04
4;2017-03-03
4;2017-03-02
4;2017-03-01
4;2017-02-28
4;2017-02-27
4;2017-02-26
4;2017-02-25
4;2017-02-24
4;2017-02-23
4;2017-02-22
4;2017-02-21
4;2017-02-20
4;2017-02-19
4;2017-02-18
4;2017-02-17
4;2017-02-16
4;2017-02-15
4;2017-02-14
4;2017-02-13
4;2017-02-12
4;2017-02-11
4;2017-02-10
4;2017-02-09
4;2017-02-08
4;2017-02-07
4;2017-02-06
4;2017-02-05
4;2017-02-04
4;2017-02-03
4;2017-02-02
4;2017-02-01
4;2017-01-31
4;2017-01-30
4;2017-01-29
4;2017-01-28
4;2017-01-27
4;2017-01-26
4;2017-01-25
4;2017-01-24
4;2017-01-23
4;2017-01-22
4;2017-01-21
4;2017-01-20
4;2017-01-19
4;2017-01-18
4;2017-01-17
4;2017-01-16
4;2017-01-15
4;2017-01-14
4;2017-01-13
4;2017-01-12
4;2017-01-11
5;2017-01-10
4;2017-01-09
4;2017-01-08
4;2017-01-07
4;2017-01-06
4;2017-01-05
5;2017-01-04
5;2017-01-03
5;2017-01-02
5;2017-01-01
4;2016-12-31
4;2016-12-30
5;2016-12-29
5;2016-12-28
4;2016-12-27
4;2016-12-26
4;2016-12-25
5;2016-12-24
5;2016-12-23
4;2016-12-22
4;2016-12-21
4;2016-12-20
4;2016-12-19
4;2016-12-18
4;2016-12-17
4;2016-12-16
4;2016-12-15
4;2016-12-14
4;2016-12-13
4;2016-12-12
4;2016-12-11
4;2016-12-10
4;2016-12-09
4;2016-12-08
4;2016-12-07
4;2016-12-06
4;2016-12-05
4;2016-12-04
4;2016-12-03
4;2016-12-02
4;2016-12-01
4;2016-11-30
4;2016-11-29
4;2016-11-28
4;2016-11-27
4;2016-11-26
4;2016-11-25
4;2016-11-24
4;2016-11-23
4;2016-11-22
4;2016-11-21
4;2016-11-20
4;2016-11-19
4;2016-11-18
4;2016-11-17
4;2016-11-16
4;2016-11-15
4;2016-11-14
4;2016-11-13
4;2016-11-12
4;2016-11-11
4;2016-11-10
4;2016-11-09
4;2016-11-08
4;2016-11-07
4;2016-11-06
4;2016-11-05
4;2016-11-04
4;2016-11-03
4;2016-11-02
4;2016-11-01
4;2016-10-31
4;2016-10-30
4;2016-10-29
4;2016-10-28
4;2016-10-27
4;2016-10-26
4;2016-10-25
4;2016-10-24
4;2016-10-23
4;2016-10-22
4;2016-10-21
4;2016-10-20
4;2016-10-19
4;2016-10-18
4;2016-10-17
4;2016-10-16
4;2016-10-15
4;2016-10-14
4;2016-10-13
4;2016-10-12
4;2016-10-11
4;2016-10-10
4;2016-10-09
4;2016-10-08
4;2016-10-07
4;2016-10-06
4;2016-10-05
4;2016-10-04
4;2016-10-03
4;2016-10-02
4;2016-10-01
4;2016-09-30
4;2016-09-29
4;2016-09-28
4;2016-09-27
4;2016-09-26
4;2016-09-25
4;2016-09-24
4;2016-09-23
4;2016-09-22
4;2016-09-21
4;2016-09-20
4;2016-09-19
4;2016-09-18
4;2016-09-17
4;2016-09-16
4;2016-09-15
4;2016-09-14
4;2016-09-13
4;2016-09-12
4;2016-09-11
4;2016-09-10
4;2016-09-09
4;2016-09-08
4;2016-09-07
4;2016-09-06
4;2016-09-05
4;2016-09-04
4;2016-09-03
4;2016-09-02
4;2016-09-01
4;2016-08-31
4;2016-08-30
4;2016-08-29
4;2016-08-28
4;2016-08-27
4;2016-08-26
4;2016-08-25
4;2016-08-24
4;2016-08-23
4;2016-08-22
4;2016-08-21
4;2016-08-20
4;2016-08-19
4;2016-08-18
4;2016-08-17
4;2016-08-16
4;2016-08-15
4;2016-08-14
4;2016-08-13
4;2016-08-12
4;2016-08-11
4;2016-08-10
4;2016-08-09
4;2016-08-08
4;2016-08-07
4;2016-08-06
4;2016-08-05
4;2016-08-04
4;2016-08-03
4;2016-08-02
4;2016-08-01
4;2016-07-31
4;2016-07-30
4;2016-07-29
4;2016-07-28
4;2016-07-27
4;2016-07-26
4;2016-07-25
4;2016-07-24
4;2016-07-23
4;2016-07-22
4;2016-07-21
4;2016-07-20
4;2016-07-19
4;2016-07-18
4;2016-07-17
4;2016-07-16
4;2016-07-15
4;2016-07-14
4;2016-07-13
4;2016-07-12
4;2016-07-11
4;2016-07-10
4;2016-07-09
4;2016-07-08
4;2016-07-07
4;2016-07-06
4;2016-07-05
5;2016-07-04
4;2016-07-03
5;2016-07-02
4;2016-07-01
4;2016-06-30
4;2016-06-29
4;2016-06-28
4;2016-06-27
4;2016-06-26
4;2016-06-25
4;2016-06-24
4;2016-06-23
4;2016-06-22
5;2016-06-21
5;2016-06-20
6;2016-06-19
6;2016-06-18
6;2016-06-17
6;2016-06-16
5;2016-06-15
5;2016-06-14
5;2016-06-13
5;2016-06-12
5;2016-06-11
5;2016-06-10
5;2016-06-09
5;2016-06-08
5;2016-06-07
5;2016-06-06
5;2016-06-05
5;2016-06-04
5;2016-06-03
5;2016-06-02
5;2016-06-01
5;2016-05-31
5;2016-05-30
5;2016-05-29
5;2016-05-28
5;2016-05-27
4;2016-05-26
4;2016-05-25
4;2016-05-24
4;2016-05-23
4;2016-05-22
4;2016-05-21
4;2016-05-20
4;2016-05-19
4;2016-05-18
4;2016-05-17
4;2016-05-16
4;2016-05-15
4;2016-05-14
4;2016-05-13
4;2016-05-12
4;2016-05-11
4;2016-05-10
4;2016-05-09
4;2016-05-08
4;2016-05-07
4;2016-05-06
4;2016-05-05
4;2016-05-04
4;2016-05-03
4;2016-05-02
4;2016-05-01
4;2016-04-30
4;2016-04-29
4;2016-04-28
4;2016-04-27
4;2016-04-26
4;2016-04-25
4;2016-04-24
3;2016-04-23
3;2016-04-22
3;2016-04-21
3;2016-04-20
3;2016-04-19
3;2016-04-18
3;2016-04-17
3;2016-04-16
3;2016-04-15
3;2016-04-14
3;2016-04-13
3;2016-04-12
3;2016-04-11
3;2016-04-10
3;2016-04-09
3;2016-04-08
3;2016-04-07
3;2016-04-06
3;2016-04-05
3;2016-04-04
3;2016-04-03
3;2016-04-02
3;2016-04-01
3;2016-03-31
3;2016-03-30
3;2016-03-29
3;2016-03-28
3;2016-03-27
3;2016-03-26
3;2016-03-25
3;2016-03-24
3;2016-03-23
3;2016-03-22
3;2016-03-21
3;2016-03-20
3;2016-03-19
3;2016-03-18
3;2016-03-17
3;2016-03-16
3;2016-03-15
3;2016-03-14
3;2016-03-13
3;2016-03-12
3;2016-03-11
3;2016-03-10
3;2016-03-09
3;2016-03-08
3;2016-03-07
3;2016-03-06
3;2016-03-05
3;2016-03-04
3;2016-03-03
3;2016-03-02
3;2016-03-01
3;2016-02-29
3;2016-02-28
3;2016-02-27
3;2016-02-26
3;2016-02-25
3;2016-02-24
3;2016-02-23
3;2016-02-22
3;2016-02-21
3;2016-02-20
3;2016-02-19
3;2016-02-18
3;2016-02-17
3;2016-02-16
3;2016-02-15
3;2016-02-14
3;2016-02-13
3;2016-02-12
3;2016-02-11
3;2016-02-10
3;2016-02-09
3;2016-02-08
3;2016-02-07
3;2016-02-06
3;2016-02-05
3;2016-02-04
3;2016-02-03
3;2016-02-02
3;2016-02-01
3;2016-01-31
3;2016-01-30
3;2016-01-29
3;2016-01-28
3;2016-01-27
3;2016-01-26
3;2016-01-25
3;2016-01-24
3;2016-01-23
3;2016-01-22
3;2016-01-21
3;2016-01-20
3;2016-01-19
3;2016-01-18
3;2016-01-17
3;2016-01-16
3;2016-01-15
3;2016-01-14
3;2016-01-13
3;2016-01-12
4;2016-01-11
4;2016-01-10
4;2016-01-09
4;2016-01-08
4;2016-01-07
3;2016-01-06
3;2016-01-05
4;2016-01-04
3;2016-01-03
4;2016-01-02
4;2016-01-01
3;2015-12-31
3;2015-12-30
4;2015-12-29
3;2015-12-28
3;2015-12-27
3;2015-12-26
4;2015-12-25
4;2015-12-24
4;2015-12-23
3;2015-12-22
3;2015-12-21
4;2015-12-20
4;2015-12-19
4;2015-12-18
4;2015-12-17
4;2015-12-16
4;2015-12-15
4;2015-12-14
4;2015-12-13
4;2015-12-12
4;2015-12-11
4;2015-12-10
4;2015-12-09
4;2015-12-08
4;2015-12-07
3;2015-12-06
4;2015-12-05
3;2015-12-04
3;2015-12-03
3;2015-12-02
3;2015-12-01
4;2015-11-30
4;2015-11-29
4;2015-11-28
4;2015-11-27
4;2015-11-26
3;2015-11-25
3;2015-11-24
3;2015-11-23
3;2015-11-22
3;2015-11-21
3;2015-11-20
3;2015-11-19
3;2015-11-18
3;2015-11-17
3;2015-11-16
3;2015-11-15
3;2015-11-14
3;2015-11-13
3;2015-11-12
3;2015-11-11
3;2015-11-10
3;2015-11-09
3;2015-11-08
4;2015-11-07
4;2015-11-06
4;2015-11-05
4;2015-11-04
5;2015-11-03
4;2015-11-02
4;2015-11-01
4;2015-10-31
4;2015-10-30
4;2015-10-29
3;2015-10-28
3;2015-10-27
3;2015-10-26
3;2015-10-25
3;2015-10-24
3;2015-10-23
3;2015-10-22
3;2015-10-21
3;2015-10-20
3;2015-10-19
3;2015-10-18
3;2015-10-17
3;2015-10-16
3;2015-10-15
3;2015-10-14
3;2015-10-13
3;2015-10-12
3;2015-10-11
3;2015-10-10
3;2015-10-09
3;2015-10-08
3;2015-10-07
3;2015-10-06
3;2015-10-05
3;2015-10-04
3;2015-10-03
3;2015-10-02
3;2015-10-01
3;2015-09-30
3;2015-09-29
3;2015-09-28
3;2015-09-27
3;2015-09-26
3;2015-09-25
3;2015-09-24
3;2015-09-23
3;2015-09-22
3;2015-09-21
3;2015-09-20
3;2015-09-19
3;2015-09-18
3;2015-09-17
3;2015-09-16
3;2015-09-15
3;2015-09-14
3;2015-09-13
3;2015-09-12
3;2015-09-11
3;2015-09-10
3;2015-09-09
3;2015-09-08
3;2015-09-07
3;2015-09-06
3;2015-09-05
3;2015-09-04
3;2015-09-03
3;2015-09-02
3;2015-09-01
3;2015-08-31
3;2015-08-30
3;2015-08-29
3;2015-08-28
3;2015-08-27
3;2015-08-26
3;2015-08-25
3;2015-08-24
3;2015-08-23
4;2015-08-22
4;2015-08-21
4;2015-08-20
3;2015-08-19
3;2015-08-18
4;2015-08-17
4;2015-08-16
4;2015-08-15
4;2015-08-14
4;2015-08-13
4;2015-08-12
4;2015-08-11
4;2015-08-10
4;2015-08-09
4;2015-08-08
4;2015-08-07
4;2015-08-06
4;2015-08-05
4;2015-08-04
4;2015-08-03
4;2015-08-02
4;2015-08-01
5;2015-07-31
5;2015-07-30
5;2015-07-29
5;2015-07-28
5;2015-07-27
5;2015-07-26
5;2015-07-25
5;2015-07-24
4;2015-07-23
4;2015-07-22
4;2015-07-21
4;2015-07-20
4;2015-07-19
4;2015-07-18
4;2015-07-17
4;2015-07-16
4;2015-07-15
5;2015-07-14
5;2015-07-13
5;2015-07-12
4;2015-07-11
5;2015-07-10
8;2015-07-09
6;2015-07-08
5;2015-07-07
5;2015-07-06
5;2015-07-05
4;2015-07-04
4;2015-07-03
4;2015-07-02
4;2015-07-01
4;2015-06-30
4;2015-06-29
3;2015-06-28
3;2015-06-27
3;2015-06-26
3;2015-06-25
3;2015-06-24
3;2015-06-23
3;2015-06-22
3;2015-06-21
3;2015-06-20
3;2015-06-19
3;2015-06-18
3;2015-06-17
3;2015-06-16
2;2015-06-15
2;2015-06-14
2;2015-06-13
2;2015-06-12
2;2015-06-11
2;2015-06-10
2;2015-06-09
2;2015-06-08
2;2015-06-07
2;2015-06-06
2;2015-06-05
2;2015-06-04
2;2015-06-03
2;2015-06-02
2;2015-06-01
2;2015-05-31
2;2015-05-30
2;2015-05-29
2;2015-05-28
2;2015-05-27
2;2015-05-26
2;2015-05-25
2;2015-05-24
2;2015-05-23
2;2015-05-22
1;2015-05-21
1;2015-05-20
1;2015-05-19
1;2015-05-18
1;2015-05-17
1;2015-05-16
1;2015-05-15
1;2015-05-14
1;2015-05-13
1;2015-05-12
1;2015-05-11
1;2015-05-10
1;2015-05-09
1;2015-05-08
1;2015-05-07
1;2015-05-06
1;2015-05-05
1;2015-05-04
1;2015-05-03
1;2015-05-02
1;2015-05-01
1;2015-04-30
1;2015-04-29
1;2015-04-28
1;2015-04-27
1;2015-04-26
1;2015-04-25
1;2015-04-24
1;2015-04-23
1;2015-04-22
1;2015-04-21
1;2015-04-20
1;2015-04-19
1;2015-04-18
1;2015-04-17
1;2015-04-16
1;2015-04-15
1;2015-04-14
1;2015-04-13
1;2015-04-12
1;2015-04-11
2;2015-04-10
2;2015-04-09
2;2015-04-08
2;2015-04-07
2;2015-04-06
2;2015-04-05
2;2015-04-04
2;2015-04-03
2;2015-04-02
2;2015-04-01
2;2015-03-31
2;2015-03-30
2;2015-03-29
2;2015-03-28
2;2015-03-27
2;2015-03-26
2;2015-03-25
2;2015-03-24
2;2015-03-23
2;2015-03-22
2;2015-03-21
2;2015-03-20
2;2015-03-19
2;2015-03-18
2;2015-03-17
2;2015-03-16
2;2015-03-15
2;2015-03-14
2;2015-03-13
2;2015-03-12
2;2015-03-11
2;2015-03-10
2;2015-03-09
2;2015-03-08
2;2015-03-07
2;2015-03-06
2;2015-03-05
2;2015-03-04
2;2015-03-03
2;2015-03-02
2;2015-03-01
2;2015-02-28
2;2015-02-27
2;2015-02-26
2;2015-02-25
2;2015-02-24
2;2015-02-23
2;2015-02-22
2;2015-02-21
2;2015-02-20
2;2015-02-19
2;2015-02-18
2;2015-02-17
2;2015-02-16
2;2015-02-15
2;2015-02-14
2;2015-02-13
2;2015-02-12
2;2015-02-11
2;2015-02-10
2;2015-02-09
2;2015-02-08
2;2015-02-07
2;2015-02-06
2;2015-02-05
2;2015-02-04
2;2015-02-03
2;2015-02-02
2;2015-02-01
2;2015-01-31
2;2015-01-30
2;2015-01-29
2;2015-01-28
2;2015-01-27
2;2015-01-26
2;2015-01-25
2;2015-01-24
1;2015-01-23
1;2015-01-22
1;2015-01-21
1;2015-01-20
1;2015-01-19
1;2015-01-18
1;2015-01-17
1;2015-01-16
1;2015-01-15
1;2015-01-14
2;2015-01-13
2;2015-01-12
2;2015-01-11
2;2015-01-10
2;2015-01-09
2;2015-01-08
2;2015-01-07
2;2015-01-06
2;2015-01-05
2;2015-01-04
2;2015-01-03
3;2015-01-02
3;2015-01-01
3;2014-12-31
3;2014-12-30
3;2014-12-29
3;2014-12-28
3;2014-12-27
3;2014-12-26
3;2014-12-25
3;2014-12-24
3;2014-12-23
3;2014-12-22
3;2014-12-21
3;2014-12-20
3;2014-12-19
3;2014-12-18
3;2014-12-17
3;2014-12-16
3;2014-12-15
3;2014-12-14
3;2014-12-13
3;2014-12-12
3;2014-12-11
4;2014-12-10
4;2014-12-09
4;2014-12-08
4;2014-12-07
4;2014-12-06
4;2014-12-05
4;2014-12-04
4;2014-12-03
4;2014-12-02
4;2014-12-01
4;2014-11-30
4;2014-11-29
4;2014-11-28
4;2014-11-27
4;2014-11-26
4;2014-11-25
4;2014-11-24
4;2014-11-23
4;2014-11-22
4;2014-11-21
4;2014-11-20
4;2014-11-19
4;2014-11-18
4;2014-11-17
4;2014-11-16
4;2014-11-15
4;2014-11-14
4;2014-11-13
4;2014-11-12
4;2014-11-11
4;2014-11-10
4;2014-11-09
4;2014-11-08
4;2014-11-07
4;2014-11-06
4;2014-11-05
4;2014-11-04
4;2014-11-03
4;2014-11-02
4;2014-11-01
4;2014-10-31
4;2014-10-30
4;2014-10-29
4;2014-10-28
4;2014-10-27
4;2014-10-26
4;2014-10-25
4;2014-10-24
4;2014-10-23
4;2014-10-22
4;2014-10-21
4;2014-10-20
4;2014-10-19
4;2014-10-18
4;2014-10-17
4;2014-10-16
4;2014-10-15
4;2014-10-14
4;2014-10-13
4;2014-10-12
4;2014-10-11
4;2014-10-10
4;2014-10-09
4;2014-10-08
4;2014-10-07
4;2014-10-06
4;2014-10-05
4;2014-10-04
4;2014-10-03
4;2014-10-02
4;2014-10-01
4;2014-09-30
4;2014-09-29
4;2014-09-28
4;2014-09-27
4;2014-09-26
5;2014-09-25
5;2014-09-24
5;2014-09-23
4;2014-09-22
4;2014-09-21
4;2014-09-20
4;2014-09-19
5;2014-09-18
5;2014-09-17
5;2014-09-16
5;2014-09-15
5;2014-09-14
5;2014-09-13
5;2014-09-12
5;2014-09-11
5;2014-09-10
5;2014-09-09
5;2014-09-08
5;2014-09-07
5;2014-09-06
5;2014-09-05
5;2014-09-04
5;2014-09-03
5;2014-09-02
5;2014-09-01
5;2014-08-31
5;2014-08-30
5;2014-08-29
5;2014-08-28
5;2014-08-27
6;2014-08-26
5;2014-08-25
5;2014-08-24
5;2014-08-23
5;2014-08-22
6;2014-08-21
5;2014-08-20
5;2014-08-19
4;2014-08-18
4;2014-08-17
5;2014-08-16
5;2014-08-15
5;2014-08-14
5;2014-08-13
6;2014-08-12
6;2014-08-11
7;2014-08-10
7;2014-08-09
7;2014-08-08
7;2014-08-07
7;2014-08-06
7;2014-08-05
7;2014-08-04
8;2014-08-03
8;2014-08-02
8;2014-08-01
8;2014-07-31
7;2014-07-30
8;2014-07-29
8;2014-07-28
8;2014-07-27
8;2014-07-26
8;2014-07-25
8;2014-07-24
8;2014-07-23
9;2014-07-22
9;2014-07-21
8;2014-07-20
9;2014-07-19
9;2014-07-18
9;2014-07-17
8;2014-07-16
9;2014-07-15
9;2014-07-14
9;2014-07-13
9;2014-07-12
8;2014-07-11
8;2014-07-10
8;2014-07-09
8;2014-07-08
8;2014-07-07
7;2014-07-06
7;2014-07-05
7;2014-07-04
8;2014-07-03
8;2014-07-02
8;2014-07-01
9;2014-06-30
9;2014-06-29
9;2014-06-28
9;2014-06-27
9;2014-06-26
9;2014-06-25
10;2014-06-24
10;2014-06-23
10;2014-06-22
10;2014-06-21
10;2014-06-20
10;2014-06-19
10;2014-06-18
10;2014-06-17
10;2014-06-16
10;2014-06-15
10;2014-06-14
10;2014-06-13
10;2014-06-12
11;2014-06-11
11;2014-06-10
11;2014-06-09
11;2014-06-08
11;2014-06-07
11;2014-06-06
11;2014-06-05
11;2014-06-04
11;2014-06-03
11;2014-06-02
11;2014-06-01
11;2014-05-31
11;2014-05-30
11;2014-05-29
11;2014-05-28
11;2014-05-27
12;2014-05-26
12;2014-05-25
11;2014-05-24
11;2014-05-23
11;2014-05-22
11;2014-05-21
11;2014-05-20
10;2014-05-19
10;2014-05-18
10;2014-05-17
10;2014-05-16
10;2014-05-15
10;2014-05-14
10;2014-05-13
10;2014-05-12
10;2014-05-11
11;2014-05-10
11;2014-05-09
10;2014-05-08
11;2014-05-07
10;2014-05-06
10;2014-05-05
10;2014-05-04
10;2014-05-03
11;2014-05-02
11;2014-05-01
11;2014-04-30
10;2014-04-29
10;2014-04-28
10;2014-04-27
11;2014-04-26
11;2014-04-25
13;2014-04-24
12;2014-04-23
12;2014-04-22
13;2014-04-21
13;2014-04-20
13;2014-04-19
12;2014-04-18
13;2014-04-17
13;2014-04-16
13;2014-04-15
12;2014-04-14
10;2014-04-13
11;2014-04-12
11;2014-04-11
8;2014-04-10
11;2014-04-09
11;2014-04-08
11;2014-04-07
12;2014-04-06
11;2014-04-05
11;2014-04-04
11;2014-04-03
11;2014-04-02
13;2014-04-01
13;2014-03-31
13;2014-03-30
13;2014-03-29
14;2014-03-28
12;2014-03-27
16;2014-03-26
16;2014-03-25
16;2014-03-24
15;2014-03-23
16;2014-03-22
16;2014-03-21
16;2014-03-20
17;2014-03-19
19;2014-03-18
17;2014-03-17
17;2014-03-16
17;2014-03-15
17;2014-03-14
17;2014-03-13
17;2014-03-12
16;2014-03-11
16;2014-03-10
16;2014-03-09
15;2014-03-08
16;2014-03-07
16;2014-03-06
16;2014-03-05
17;2014-03-04
14;2014-03-03
13;2014-03-02
14;2014-03-01
13;2014-02-28
14;2014-02-27
14;2014-02-26
14;2014-02-25
15;2014-02-24
15;2014-02-23
15;2014-02-22
14;2014-02-21
14;2014-02-20
16;2014-02-19
16;2014-02-18
15;2014-02-17
15;2014-02-16
16;2014-02-15
16;2014-02-14
15;2014-02-13
17;2014-02-12
17;2014-02-11
18;2014-02-10
18;2014-02-09
18;2014-02-08
19;2014-02-07
20;2014-02-06
21;2014-02-05
21;2014-02-04
22;2014-02-03
22;2014-02-02
22;2014-02-01
22;2014-01-31
22;2014-01-30
22;2014-01-29
22;2014-01-28
20;2014-01-27
24;2014-01-26
23;2014-01-25
21;2014-01-24
22;2014-01-23
24;2014-01-22
25;2014-01-21
25;2014-01-20
25;2014-01-19
25;2014-01-18
24;2014-01-17
24;2014-01-16
25;2014-01-15
24;2014-01-14
24;2014-01-13
25;2014-01-12
27;2014-01-11
25;2014-01-10
24;2014-01-09
24;2014-01-08
23;2014-01-07
29;2014-01-06
27;2014-01-05
25;2014-01-04
25;2014-01-03
26;2014-01-02
25;2014-01-01
24;2013-12-31
24;2013-12-30
24;2013-12-29
23;2013-12-28
23;2013-12-27
25;2013-12-26
21;2013-12-25
18;2013-12-24
18;2013-12-23
17;2013-12-22
17;2013-12-21
18;2013-12-20
20;2013-12-19
13;2013-12-18
22;2013-12-17
25;2013-12-16
31;2013-12-15
30;2013-12-14
31;2013-12-13
32;2013-12-12
31;2013-12-11
36;2013-12-10
32;2013-12-09
27;2013-12-08
23;2013-12-07
30;2013-12-06
38;2013-12-05
45;2013-12-04
40;2013-12-03
33;2013-12-02
35;2013-12-01
40;2013-11-30
38;2013-11-29
43;2013-11-28
39;2013-11-27
20;2013-11-26
12;2013-11-25
10;2013-11-24
11;2013-11-23
10;2013-11-22
9;2013-11-21
8;2013-11-20
8;2013-11-19
9;2013-11-18
4;2013-11-17
4;2013-11-16
4;2013-11-15
4;2013-11-14
4;2013-11-13
4;2013-11-12
4;2013-11-11
4;2013-11-10
4;2013-11-09
5;2013-11-08
4;2013-11-07
3;2013-11-06
3;2013-11-05
3;2013-11-04
3;2013-11-03
3;2013-11-02
2;2013-11-01
2;2013-10-31
2;2013-10-30
2;2013-10-29
2;2013-10-28
2;2013-10-27
2;2013-10-26
2;2013-10-25
2;2013-10-24
2;2013-10-23
2;2013-10-22
2;2013-10-21
2;2013-10-20
2;2013-10-19
2;2013-10-18
2;2013-10-17
2;2013-10-16
2;2013-10-15
2;2013-10-14
2;2013-10-13
2;2013-10-12
2;2013-10-11
2;2013-10-10
2;2013-10-09
2;2013-10-08
2;2013-10-07
2;2013-10-06
2;2013-10-05
2;2013-10-04
2;2013-10-03
2;2013-10-02
2;2013-10-01
2;2013-09-30
2;2013-09-29
2;2013-09-28
2;2013-09-27
2;2013-09-26
2;2013-09-25
2;2013-09-24
2;2013-09-23
3;2013-09-22
3;2013-09-21
2;2013-09-20
3;2013-09-19
3;2013-09-18
3;2013-09-17
3;2013-09-16
3;2013-09-15
3;2013-09-14
3;2013-09-13
3;2013-09-12
3;2013-09-11
3;2013-09-10
3;2013-09-09
3;2013-09-08
3;2013-09-07
3;2013-09-06
3;2013-09-05
3;2013-09-04
3;2013-09-03
3;2013-09-02
3;2013-09-01
3;2013-08-31
3;2013-08-30
3;2013-08-29
3;2013-08-28
3;2013-08-27
3;2013-08-26
3;2013-08-25
3;2013-08-24
3;2013-08-23
3;2013-08-22
3;2013-08-21
3;2013-08-20
3;2013-08-19
3;2013-08-18
3;2013-08-17
3;2013-08-16
3;2013-08-15
3;2013-08-14
3;2013-08-13
3;2013-08-12
3;2013-08-11
3;2013-08-10
3;2013-08-09
3;2013-08-08
3;2013-08-07
3;2013-08-06
3;2013-08-05
3;2013-08-04
3;2013-08-03
3;2013-08-02
3;2013-08-01
3;2013-07-31
3;2013-07-30
3;2013-07-29
3;2013-07-28
3;2013-07-27
3;2013-07-26
3;2013-07-25
3;2013-07-24
3;2013-07-23
3;2013-07-22
3;2013-07-21
3;2013-07-20
3;2013-07-19
3;2013-07-18
3;2013-07-17
3;2013-07-16
3;2013-07-15
3;2013-07-14
3;2013-07-13
3;2013-07-12
3;2013-07-11
3;2013-07-10
3;2013-07-09
3;2013-07-08
3;2013-07-07
3;2013-07-06
2;2013-07-05
3;2013-07-04
3;2013-07-03
3;2013-07-02
3;2013-07-01
3;2013-06-30
3;2013-06-29
3;2013-06-28
3;2013-06-27
3;2013-06-26
3;2013-06-25
3;2013-06-24
3;2013-06-23
3;2013-06-22
3;2013-06-21
2;2013-06-20
2;2013-06-19
2;2013-06-18
2;2013-06-17
2;2013-06-16
2;2013-06-15
2;2013-06-14
2;2013-06-13
2;2013-06-12
2;2013-06-11
2;2013-06-10
2;2013-06-09
3;2013-06-08
3;2013-06-07
3;2013-06-06
3;2013-06-05
3;2013-06-04
3;2013-06-03
3;2013-06-02
3;2013-06-01
3;2013-05-31
3;2013-05-30
3;2013-05-29
3;2013-05-28
3;2013-05-27
3;2013-05-26
3;2013-05-25
3;2013-05-24
3;2013-05-23
3;2013-05-22
3;2013-05-21
3;2013-05-20
3;2013-05-19
3;2013-05-18
3;2013-05-17
3;2013-05-16
3;2013-05-15
3;2013-05-14
3;2013-05-13
3;2013-05-12
3;2013-05-11
3;2013-05-10
3;2013-05-09
3;2013-05-08
3;2013-05-07
3;2013-05-06
4;2013-05-05
3;2013-05-04
3;2013-05-03
3;2013-05-02
4;2013-05-01
4;2013-04-30
4;2013-04-29
4;2013-04-28
